-- phpMyAdmin SQL Dump
-- version 3.5.1
-- http://www.phpmyadmin.net
--
-- Host: localhost
-- Generation Time: Dec 19, 2013 at 12:30 PM
-- Server version: 5.5.24-log
-- PHP Version: 5.4.3

SET SQL_MODE="NO_AUTO_VALUE_ON_ZERO";
SET time_zone = "+00:00";


/*!40101 SET @OLD_CHARACTER_SET_CLIENT=@@CHARACTER_SET_CLIENT */;
/*!40101 SET @OLD_CHARACTER_SET_RESULTS=@@CHARACTER_SET_RESULTS */;
/*!40101 SET @OLD_COLLATION_CONNECTION=@@COLLATION_CONNECTION */;
/*!40101 SET NAMES utf8 */;

--
-- Database: `studinfosys`
--

-- --------------------------------------------------------

--
-- Table structure for table `city`
--

CREATE TABLE IF NOT EXISTS `city` (
  `cityId` int(11) NOT NULL AUTO_INCREMENT,
  `cityName` varchar(50) NOT NULL,
  `stateId` int(11) NOT NULL,
  PRIMARY KEY (`cityId`),
  KEY `stateId` (`stateId`)
) ENGINE=InnoDB  DEFAULT CHARSET=utf8 AUTO_INCREMENT=1001 ;

--
-- Dumping data for table `city`
--

INSERT INTO `city` (`cityId`, `cityName`, `stateId`) VALUES
(1, 'Port Blair', 1),
(2, 'Adilabad', 2),
(3, 'Adoni', 2),
(4, 'Alwal', 2),
(5, 'Anakapalle', 2),
(6, 'Anantapur', 2),
(7, 'Bapatla', 2),
(8, 'Belampalli', 2),
(9, 'Bhimavaram', 2),
(10, 'Bhongir', 2),
(11, 'Bobbili', 2),
(12, 'Bodhan', 2),
(13, 'Chilakalurupet', 2),
(14, 'Chinna Chawk', 2),
(15, 'Chirala', 2),
(16, 'Chittur', 2),
(17, 'Cuddapah', 2),
(18, 'Dharmavaram', 2),
(19, 'Dhone', 2),
(20, 'Eluru', 2),
(21, 'Gaddiannaram', 2),
(22, 'Gadwal', 2),
(23, 'Gajuwaka', 2),
(24, 'Gudivada', 2),
(25, 'Gudur', 2),
(26, 'Guntakal', 2),
(27, 'Guntur', 2),
(28, 'Hindupur', 2),
(29, 'Hyderabad', 2),
(30, 'Jagtial', 2),
(31, 'Kadiri', 2),
(32, 'Kagaznagar', 2),
(33, 'Kakinada', 2),
(34, 'Kallur', 2),
(35, 'Kamareddi', 2),
(36, 'Kapra', 2),
(37, 'Karimnagar', 2),
(38, 'Karnul', 2),
(39, 'Kavali', 2),
(40, 'Khammam', 2),
(41, 'Kodar', 2),
(42, 'Kondukur', 2),
(43, 'Koratla', 2),
(44, 'Kottagudem', 2),
(45, 'Kukatpalle', 2),
(46, 'Lalbahadur Nagar', 2),
(47, 'Machilipatnam', 2),
(48, 'Mahbubnagar', 2),
(49, 'Malkajgiri', 2),
(50, 'Mancheral', 2),
(51, 'Mandamarri', 2),
(52, 'Mangalagiri', 2),
(53, 'Markapur', 2),
(54, 'Miryalaguda', 2),
(55, 'Nalgonda', 2),
(56, 'Nandyal', 2),
(57, 'Narasapur', 2),
(58, 'Narasaraopet', 2),
(59, 'Nellur', 2),
(60, 'Nirmal', 2),
(61, 'Nizamabad', 2),
(62, 'Nuzvid', 2),
(63, 'Ongole', 2),
(64, 'Palakollu', 2),
(65, 'Palasa', 2),
(66, 'Palwancha', 2),
(67, 'Patancheru', 2),
(68, 'Piduguralla', 2),
(69, 'Ponnur', 2),
(70, 'Proddatur', 2),
(71, 'Qutubullapur', 2),
(72, 'Rajamahendri', 2),
(73, 'Rajampet', 2),
(74, 'Rajendranagar', 2),
(75, 'Ramachandrapuram', 2),
(76, 'Ramagundam', 2),
(77, 'Rayachoti', 2),
(78, 'Rayadrug', 2),
(79, 'Samalkot', 2),
(80, 'Sangareddi', 2),
(81, 'Sattenapalle', 2),
(82, 'Serilungampalle', 2),
(83, 'Siddipet', 2),
(84, 'Sikandarabad', 2),
(85, 'Sirsilla', 2),
(86, 'Srikakulam', 2),
(87, 'Srikalahasti', 2),
(88, 'Suriapet', 2),
(89, 'Tadepalle', 2),
(90, 'Tadepallegudem', 2),
(91, 'Tadpatri', 2),
(92, 'Tandur', 2),
(93, 'Tanuku', 2),
(94, 'Tenali', 2),
(95, 'Tirupati', 2),
(96, 'Tuni', 2),
(97, 'Uppal Kalan', 2),
(98, 'Vijayawada', 2),
(99, 'Vinukonda', 2),
(100, 'Visakhapatnam', 2),
(101, 'Vizianagaram', 2),
(102, 'Vuyyuru', 2),
(103, 'Wanparti', 2),
(104, 'Warangal', 2),
(105, 'Yemmiganur', 2),
(106, 'Itanagar', 3),
(107, 'Barpeta', 4),
(108, 'Bongaigaon', 4),
(109, 'Dhuburi', 4),
(110, 'Dibrugarh', 4),
(111, 'Diphu', 4),
(112, 'Guwahati', 4),
(113, 'Jorhat', 4),
(114, 'Karimganj', 4),
(115, 'Lakhimpur', 4),
(116, 'Lanka', 4),
(117, 'Nagaon', 4),
(118, 'Sibsagar', 4),
(119, 'Silchar', 4),
(120, 'Tezpur', 4),
(121, 'Tinsukia', 4),
(122, 'Alipur Duar', 5),
(123, 'Arambagh', 5),
(124, 'Asansol', 5),
(125, 'Ashoknagar Kalyangarh', 5),
(126, 'Baharampur', 5),
(127, 'Baidyabati', 5),
(128, 'Baj Baj', 5),
(129, 'Bally', 5),
(130, 'Bally Cantonment', 5),
(131, 'Balurghat', 5),
(132, 'Bangaon', 5),
(133, 'Bankra', 5),
(134, 'Bankura', 5),
(135, 'Bansbaria', 5),
(136, 'Baranagar', 5),
(137, 'Barddhaman', 5),
(138, 'Basirhat', 5),
(139, 'Bhadreswar', 5),
(140, 'Bhatpara', 5),
(141, 'Bidhannagar', 5),
(142, 'Binnaguri', 5),
(143, 'Bishnupur', 5),
(144, 'Bolpur', 5),
(145, 'Calcutta', 5),
(146, 'Chakdaha', 5),
(147, 'Champdani', 5),
(148, 'Chandannagar', 5),
(149, 'Contai', 5),
(150, 'Dabgram', 5),
(151, 'Darjiling', 5),
(152, 'Dhulian', 5),
(153, 'Dinhata', 5),
(154, 'Dum Dum', 5),
(155, 'Durgapur', 5),
(156, 'Gangarampur', 5),
(157, 'Garulia', 5),
(158, 'Gayespur', 5),
(159, 'Ghatal', 5),
(160, 'Gopalpur', 5),
(161, 'Habra', 5),
(162, 'Halisahar', 5),
(163, 'Haora', 5),
(164, 'HugliChunchura', 5),
(165, 'Ingraj Bazar', 5),
(166, 'Islampur', 5),
(167, 'Jalpaiguri', 5),
(168, 'Jamuria', 5),
(169, 'Jangipur', 5),
(170, 'Jhargram', 5),
(171, 'Kaliyaganj', 5),
(172, 'Kalna', 5),
(173, 'Kalyani', 5),
(174, 'Kamarhati', 5),
(175, 'Kanchrapara', 5),
(176, 'Kandi', 5),
(177, 'Karsiyang', 5),
(178, 'Katwa', 5),
(179, 'Kharagpur', 5),
(180, 'Kharagpur Railway Settlement', 5),
(181, 'Khardaha', 5),
(182, 'Kharia', 5),
(183, 'Koch Bihar', 5),
(184, 'Konnagar', 5),
(185, 'Krishnanagar', 5),
(186, 'Kulti', 5),
(187, 'Madhyamgram', 5),
(188, 'Maheshtala', 5),
(189, 'Memari', 5),
(190, 'Midnapur', 5),
(191, 'Naihati', 5),
(192, 'Navadwip', 5),
(193, 'Ni Barakpur', 5),
(194, 'North Barakpur', 5),
(195, 'North Dum Dum', 5),
(196, 'Old Maldah', 5),
(197, 'Panihati', 5),
(198, 'Phulia', 5),
(199, 'Pujali', 5),
(200, 'Puruliya', 5),
(201, 'Raiganj', 5),
(202, 'Rajpur', 5),
(203, 'Rampur Hat', 5),
(204, 'Ranaghat', 5),
(205, 'Raniganj', 5),
(206, 'Rishra', 5),
(207, 'Shantipur', 5),
(208, 'Shiliguri', 5),
(209, 'Shrirampur', 5),
(210, 'Siuri', 5),
(211, 'South Dum Dum', 5),
(212, 'Titagarh', 5),
(213, 'Ulubaria', 5),
(214, 'UttarparaKotrung', 5),
(215, 'Araria', 6),
(216, 'Arrah', 6),
(217, 'Aurangabad', 6),
(218, 'Bagaha', 6),
(219, 'Begusarai', 6),
(220, 'Bettiah', 6),
(221, 'Bhabua', 6),
(222, 'Bhagalpur', 6),
(224, 'Buxar', 6),
(225, 'Chhapra', 6),
(226, 'Darbhanga', 6),
(227, 'Dehri', 6),
(228, 'DighaMainpura', 6),
(229, 'Dinapur', 6),
(230, 'Dumraon', 6),
(231, 'Gaya', 6),
(232, 'Gopalganj', 6),
(233, 'Goura', 6),
(234, 'Hajipur', 6),
(235, 'Jahanabad', 6),
(236, 'Jamalpur', 6),
(237, 'Jamui', 6),
(238, 'Katihar', 6),
(239, 'Khagaria', 6),
(240, 'Khagaul', 6),
(241, 'Kishanganj', 6),
(242, 'Lakhisarai', 6),
(243, 'Madhipura', 6),
(244, 'Madhubani', 6),
(245, 'Masaurhi', 6),
(246, 'Mokama', 6),
(247, 'Motihari', 6),
(248, 'Munger', 6),
(249, 'Muzaffarpur', 6),
(250, 'Nawada', 6),
(251, 'Patna', 6),
(252, 'Phulwari', 6),
(253, 'Purnia', 6),
(254, 'Raxaul', 6),
(255, 'Saharsa', 6),
(256, 'Samastipur', 6),
(257, 'Sasaram', 6),
(258, 'Sitamarhi', 6),
(259, 'Siwan', 6),
(260, 'Supaul', 6),
(261, 'Chandigarh', 7),
(262, 'Ambikapur', 8),
(263, 'Bhilai', 8),
(264, 'Bilaspur', 8),
(265, 'Charoda', 8),
(266, 'Chirmiri', 8),
(267, 'Dhamtari', 8),
(268, 'Durg', 8),
(269, 'Jagdalpur', 8),
(270, 'Korba', 8),
(271, 'Raigarh', 8),
(272, 'Raipur', 8),
(273, 'Rajnandgaon', 8),
(274, 'Bhalswa Jahangirpur', 9),
(275, 'Burari', 9),
(276, 'Chilla Saroda Bangar', 9),
(277, 'Dallo Pura', 9),
(279, 'Deoli', 9),
(280, 'Dilli Cantonment', 9),
(281, 'Gharoli', 9),
(282, 'Gokalpur', 9),
(283, 'Hastsal', 9),
(284, 'Jaffrabad', 9),
(285, 'Karawal Nagar', 9),
(286, 'Khajuri Khas', 9),
(287, 'Kirari Suleman Nagar', 9),
(288, 'Mandoli', 9),
(289, 'Mithe Pur', 9),
(290, 'Molarband', 9),
(291, 'Mundka', 9),
(292, 'Mustafabad', 9),
(293, 'Nangloi Jat', 9),
(294, 'Ni Dilli', 9),
(295, 'Pul Pehlad', 9),
(296, 'Puth Kalan', 9),
(297, 'Roshan Pura', 9),
(298, 'Sadat Pur Gujran', 9),
(299, 'Sultanpur Majra', 9),
(300, 'Tajpul', 9),
(301, 'Tigri', 9),
(302, 'Ziauddin Pur', 9),
(303, 'Madgaon', 10),
(304, 'Mormugao', 10),
(305, 'Panaji', 10),
(306, 'Ahmadabad', 11),
(307, 'Amreli', 11),
(308, 'Anand', 11),
(309, 'Anjar', 11),
(310, 'Bardoli', 11),
(311, 'Bharuch', 11),
(312, 'Bhavnagar', 11),
(313, 'Bhuj', 11),
(314, 'Borsad', 11),
(315, 'Botad', 11),
(316, 'Chandkheda', 11),
(317, 'Chandlodiya', 11),
(318, 'Dabhoi', 11),
(319, 'Dahod', 11),
(320, 'Dholka', 11),
(321, 'Dhoraji', 11),
(322, 'Dhrangadhra', 11),
(323, 'Disa', 11),
(324, 'Gandhidham', 11),
(325, 'Gandhinagar', 11),
(326, 'Ghatlodiya', 11),
(327, 'Godhra', 11),
(328, 'Gondal', 11),
(329, 'Himatnagar', 11),
(330, 'Jamnagar', 11),
(331, 'Jamnagar', 11),
(332, 'Jetpur', 11),
(333, 'Junagadh', 11),
(334, 'Kalol', 11),
(335, 'Keshod', 11),
(336, 'Khambhat', 11),
(337, 'Kundla', 11),
(338, 'Mahuva', 11),
(339, 'Mangrol', 11),
(340, 'Modasa', 11),
(341, 'Morvi', 11),
(342, 'Nadiad', 11),
(343, 'Navagam Ghed', 11),
(344, 'Navsari', 11),
(345, 'Palitana', 11),
(346, 'Patan', 11),
(347, 'Porbandar', 11),
(348, 'Puna', 11),
(349, 'Rajkot', 11),
(350, 'Ramod', 11),
(351, 'Ranip', 11),
(352, 'Siddhapur', 11),
(353, 'Sihor', 11),
(354, 'Surat', 11),
(355, 'Surendranagar', 11),
(356, 'Thaltej', 11),
(357, 'Una', 11),
(358, 'Unjha', 11),
(359, 'Upleta', 11),
(360, 'Vadodara', 11),
(361, 'Valsad', 11),
(362, 'Vapi', 11),
(363, 'Vastral', 11),
(364, 'Vejalpur', 11),
(365, 'Veraval', 11),
(366, 'Vijalpor', 11),
(367, 'Visnagar', 11),
(368, 'Wadhwan', 11),
(369, 'Ambala', 12),
(370, 'Ambala Cantonment', 12),
(371, 'Ambala Sadar', 12),
(372, 'Bahadurgarh', 12),
(373, 'Bhiwani', 12),
(374, 'Charkhi Dadri', 12),
(375, 'Dabwali', 12),
(376, 'Faridabad', 12),
(377, 'Gohana', 12),
(378, 'Hisar', 12),
(379, 'Jagadhri', 12),
(380, 'Jind', 12),
(381, 'Kaithal', 12),
(382, 'Karnal', 12),
(383, 'Narnaul', 12),
(384, 'Narwana', 12),
(385, 'Palwal', 12),
(386, 'Panchkula', 12),
(387, 'Panipat', 12),
(388, 'Rewari', 12),
(389, 'Rohtak', 12),
(390, 'Sirsa', 12),
(391, 'Sonipat', 12),
(392, 'Thanesar', 12),
(393, 'Tohana', 12),
(394, 'Yamunanagar', 12),
(395, 'Shimla', 13),
(396, 'Anantnag', 14),
(397, 'Baramula', 14),
(398, 'Bari Brahmana', 14),
(399, 'Jammu', 14),
(400, 'Kathua', 14),
(401, 'Sopur', 14),
(402, 'Srinagar', 14),
(403, 'Udhampur', 14),
(404, 'Adityapur', 15),
(405, 'Bagbahra', 15),
(406, 'Bhuli', 15),
(407, 'Bokaro', 15),
(408, 'Chaibasa', 15),
(409, 'Chas', 15),
(410, 'Daltenganj', 15),
(411, 'Devghar', 15),
(412, 'Dhanbad', 15),
(413, 'Hazaribag', 15),
(414, 'Jamshedpur', 15),
(415, 'Jharia', 15),
(416, 'Jhumri Tilaiya', 15),
(417, 'Jorapokhar', 15),
(418, 'Katras', 15),
(419, 'Lohardaga', 15),
(420, 'Mango', 15),
(421, 'Phusro', 15),
(422, 'Ramgarh', 15),
(423, 'Ranchi', 15),
(424, 'Sahibganj', 15),
(425, 'Saunda', 15),
(426, 'Sindari', 15),
(427, 'Bagalkot', 16),
(428, 'Bangalore', 16),
(429, 'Basavakalyan', 16),
(430, 'Belgaum', 16),
(431, 'Bellary', 16),
(432, 'Bhadravati', 16),
(433, 'Bidar', 16),
(434, 'Bijapur', 16),
(435, 'Bommanahalli', 16),
(436, 'Byatarayanapura', 16),
(437, 'Challakere', 16),
(438, 'Chamrajnagar', 16),
(439, 'Channapatna', 16),
(440, 'Chik Ballapur', 16),
(441, 'Chikmagalur', 16),
(442, 'Chintamani', 16),
(443, 'Chitradurga', 16),
(444, 'Dasarahalli', 16),
(445, 'Davanagere', 16),
(446, 'Dod Ballapur', 16),
(447, 'Gadag', 16),
(448, 'Gangawati', 19),
(449, 'Gokak', 16),
(450, 'Gulbarga', 16),
(451, 'Harihar', 16),
(452, 'Hassan', 16),
(453, 'Haveri', 16),
(454, 'Hiriyur', 16),
(455, 'Hosakote', 16),
(456, 'Hospet', 16),
(457, 'Hubli', 16),
(458, 'Ilkal', 16),
(459, 'Jamkhandi', 16),
(460, 'Kanakapura', 16),
(461, 'Karwar', 16),
(462, 'Kolar', 16),
(463, 'Kollegal', 16),
(464, 'Koppal', 16),
(465, 'Krishnarajapura', 16),
(466, 'Mahadevapura', 16),
(467, 'Maisuru', 16),
(468, 'Mandya', 16),
(469, 'Mangaluru', 16),
(470, 'Nipani', 16),
(471, 'Pattanagere', 16),
(472, 'Puttur', 16),
(473, 'Rabkavi', 16),
(474, 'Raichur', 16),
(475, 'Ramanagaram', 16),
(476, 'Ranibennur', 16),
(477, 'Robertsonpet', 16),
(478, 'Sagar', 16),
(479, 'Shahabad', 16),
(480, 'Shahpur', 16),
(481, 'Shimoga', 16),
(482, 'Shorapur', 16),
(483, 'Sidlaghatta', 16),
(484, 'Sira', 16),
(485, 'Sirsi', 16),
(486, 'Tiptur', 16),
(487, 'Tumkur', 16),
(488, 'Udupi', 16),
(489, 'Ullal', 16),
(490, 'Yadgir', 16),
(491, 'Yelahanka', 16),
(492, 'Alappuzha', 17),
(493, 'Beypur', 17),
(494, 'Cheruvannur', 17),
(495, 'Edakkara', 17),
(496, 'Edathala', 17),
(497, 'Kalamassery', 17),
(498, 'Kannan Devan Hills', 17),
(499, 'Kannangad', 17),
(500, 'Kannur', 17),
(501, 'Kayankulam', 17),
(502, 'Kochi', 17),
(503, 'Kollam', 17),
(504, 'Kottayam', 17),
(505, 'Koyilandi', 17),
(506, 'Kozhikkod', 17),
(507, 'Kunnamkulam', 17),
(508, 'Malappuram', 17),
(509, 'Manjeri', 17),
(510, 'Nedumangad', 17),
(511, 'Neyyattinkara', 17),
(512, 'Palakkad', 17),
(513, 'Pallichal', 17),
(514, 'Payyannur', 17),
(515, 'Ponnani', 17),
(516, 'Talipparamba', 17),
(517, 'Thalassery', 17),
(518, 'Thiruvananthapuram', 17),
(519, 'Thrippunithura', 17),
(520, 'Thrissur', 17),
(521, 'Tirur', 17),
(522, 'Tiruvalla', 17),
(523, 'Vadakara', 17),
(524, 'Ashoknagar', 18),
(525, 'Balaghat', 18),
(526, 'Basoda', 18),
(527, 'Betul', 18),
(528, 'Bhind', 18),
(529, 'Bhopal', 18),
(530, 'BinaEtawa', 18),
(531, 'Burhanpur', 18),
(532, 'Chhatarpur', 18),
(533, 'Chhindwara', 18),
(534, 'Dabra', 18),
(535, 'Damoh', 18),
(536, 'Datia', 18),
(537, 'Dewas', 18),
(538, 'Dhar', 18),
(539, 'Gohad', 18),
(540, 'Guna', 18),
(541, 'Gwalior', 18),
(542, 'Harda', 18),
(543, 'Hoshangabad', 18),
(544, 'Indore', 18),
(545, 'Itarsi', 18),
(546, 'Jabalpur', 18),
(547, 'Jabalpur Cantonment', 18),
(548, 'Jaora', 18),
(549, 'Khandwa', 18),
(550, 'Khargone', 18),
(551, 'Mandidip', 18),
(552, 'Mandsaur', 18),
(553, 'Mau', 18),
(554, 'Morena', 18),
(555, 'Murwara', 18),
(556, 'Nagda', 18),
(557, 'Nimach', 18),
(558, 'Pithampur', 18),
(559, 'Raghogarh', 18),
(560, 'Ratlam', 18),
(561, 'Rewa', 18),
(562, 'Sagar', 18),
(563, 'Sarni', 18),
(564, 'Satna', 18),
(565, 'Sehore', 18),
(566, 'Sendhwa', 18),
(567, 'Seoni', 18),
(568, 'Shahdol', 18),
(569, 'Shajapur', 18),
(570, 'Sheopur', 18),
(571, 'Shivapuri', 18),
(572, 'Sidhi', 18),
(573, 'Singrauli', 18),
(574, 'Tikamgarh', 18),
(575, 'Ujjain', 18),
(576, 'Vidisha', 18),
(577, 'Achalpur', 19),
(578, 'Ahmadnagar', 19),
(579, 'Akola', 19),
(580, 'Akot', 19),
(581, 'Amalner', 19),
(582, 'Ambajogai', 19),
(583, 'Amravati', 19),
(584, 'Anjangaon', 19),
(585, 'Aurangabad', 19),
(586, 'Badlapur', 19),
(587, 'Ballarpur', 19),
(588, 'Baramati', 19),
(589, 'Barsi', 19),
(590, 'Basmat', 19),
(591, 'Bhadravati', 19),
(592, 'Bhandara', 19),
(593, 'Bhiwandi', 19),
(594, 'Bhusawal', 19),
(595, 'Bid', 19),
(596, 'Mumbai', 19),
(597, 'Buldana', 19),
(598, 'Chalisgaon', 19),
(599, 'Chandrapur', 19),
(600, 'Chikhli', 19),
(601, 'Chiplun', 19),
(602, 'Chopda', 19),
(603, 'Dahanu', 19),
(604, 'Deolali', 19),
(605, 'Dhule', 19),
(606, 'Digdoh', 19),
(607, 'Diglur', 19),
(608, 'Gadchiroli', 19),
(609, 'Gondiya', 19),
(610, 'Hinganghat', 19),
(611, 'Hingoli', 19),
(612, 'Ichalkaranji', 19),
(613, 'Jalgaon', 19),
(614, 'Jalna', 19),
(615, 'Kalyan', 19),
(616, 'Kamthi', 19),
(617, 'Karanja', 19),
(618, 'Khadki', 19),
(619, 'Khamgaon', 19),
(620, 'Khopoli', 19),
(621, 'Kolhapur', 19),
(622, 'Kopargaon', 19),
(623, 'Latur', 19),
(624, 'Lonavale', 19),
(625, 'Malegaon', 19),
(626, 'Malkapur', 19),
(627, 'Manmad', 19),
(628, 'Mira Bhayandar', 19),
(629, 'Nagpur', 19),
(630, 'Nalasopara', 19),
(631, 'Nanded', 19),
(632, 'Nandurbar', 19),
(633, 'Nashik', 19),
(634, 'Navghar', 19),
(635, 'Navi Mumbai', 19),
(636, 'Navi Mumbai', 19),
(637, 'Osmanabad', 19),
(638, 'Palghar', 19),
(639, 'Pandharpur', 19),
(640, 'Parbhani', 19),
(641, 'Phaltan', 19),
(642, 'Pimpri', 19),
(643, 'Pune', 19),
(644, 'Pune Cantonment', 19),
(645, 'Pusad', 19),
(646, 'Ratnagiri', 19),
(647, 'SangliMiraj', 19),
(648, 'Satara', 19),
(649, 'Shahada', 19),
(650, 'Shegaon', 19),
(651, 'Shirpur', 19),
(652, 'Sholapur', 19),
(653, 'Shrirampur', 19),
(654, 'Sillod', 19),
(655, 'Thana', 19),
(656, 'Udgir', 19),
(657, 'Ulhasnagar', 19),
(658, 'Uran Islampur', 19),
(659, 'Vasai', 19),
(660, 'Virar', 19),
(661, 'Wadi', 19),
(662, 'Wani', 19),
(663, 'Wardha', 19),
(664, 'Warud', 19),
(665, 'Washim', 19),
(666, 'Yavatmal', 19),
(667, 'Imphal', 20),
(668, 'Shillong', 21),
(669, 'Tura', 21),
(670, 'Aizawl', 22),
(671, 'Lunglei', 22),
(672, 'Dimapur', 23),
(673, 'Kohima', 23),
(674, 'Wokha', 23),
(675, 'Balangir', 24),
(676, 'Baleshwar', 24),
(677, 'Barbil', 24),
(678, 'Bargarh', 24),
(679, 'Baripada', 24),
(680, 'Bhadrak', 24),
(681, 'Bhawanipatna', 24),
(682, 'Bhubaneswar', 24),
(683, 'Brahmapur', 24),
(684, 'Brajrajnagar', 24),
(685, 'Dhenkanal', 24),
(686, 'Jaypur', 24),
(687, 'Jharsuguda', 24),
(688, 'Kataka', 24),
(689, 'Kendujhar', 24),
(690, 'Paradwip', 24),
(691, 'Puri', 24),
(692, 'Raurkela', 24),
(693, 'Raurkela Industrial Township', 24),
(694, 'Rayagada', 24),
(695, 'Sambalpur', 24),
(696, 'Sunabeda', 24),
(697, 'Karaikal', 25),
(698, 'Ozhukarai', 25),
(700, 'Abohar', 26),
(701, 'Amritsar', 26),
(702, 'Barnala', 26),
(703, 'Batala', 26),
(704, 'Bathinda', 26),
(705, 'Dhuri', 26),
(706, 'Faridkot', 26),
(707, 'Fazilka', 26),
(708, 'Firozpur', 26),
(709, 'Firozpur Cantonment', 26),
(710, 'Gobindgarh', 26),
(711, 'Gurdaspur', 26),
(712, 'Hoshiarpur', 26),
(713, 'Jagraon', 26),
(714, 'Jalandhar', 26),
(715, 'Kapurthala', 26),
(716, 'Khanna', 26),
(717, 'Kot Kapura', 26),
(718, 'Ludhiana', 26),
(719, 'Malaut', 26),
(720, 'Maler Kotla', 26),
(721, 'Mansa', 26),
(722, 'Moga', 26),
(723, 'Mohali', 26),
(724, 'Pathankot', 26),
(725, 'Patiala', 26),
(726, 'Phagwara', 26),
(727, 'Rajpura', 26),
(728, 'Rupnagar', 26),
(729, 'Samana', 26),
(730, 'Sangrur', 26),
(731, 'Sirhind', 26),
(732, 'Sunam', 26),
(733, 'Tarn Taran', 26),
(734, 'Ajmer', 27),
(735, 'Alwar', 27),
(736, 'Balotra', 27),
(737, 'Banswara', 27),
(738, 'Baran', 27),
(739, 'Bari', 27),
(740, 'Barmer', 27),
(741, 'Beawar', 27),
(742, 'Bharatpur', 27),
(743, 'Bhilwara', 27),
(744, 'Bhiwadi', 27),
(745, 'Bikaner', 27),
(746, 'Bundi', 27),
(747, 'Chittaurgarh', 27),
(748, 'Chomun', 27),
(749, 'Churu', 27),
(750, 'Daosa', 27),
(751, 'Dhaulpur', 27),
(752, 'Didwana', 27),
(753, 'Fatehpur', 27),
(754, 'Ganganagar', 27),
(755, 'Gangapur', 27),
(756, 'Hanumangarh', 27),
(757, 'Hindaun', 27),
(758, 'Jaipur', 27),
(759, 'Jaisalmer', 27),
(760, 'Jalor', 27),
(761, 'Jhalawar', 27),
(762, 'Jhunjhunun', 27),
(763, 'Jodhpur', 27),
(764, 'Karauli', 27),
(765, 'Kishangarh', 27),
(766, 'Kota', 27),
(767, 'Kuchaman', 27),
(768, 'Ladnun', 27),
(769, 'Makrana', 27),
(770, 'Nagaur', 27),
(771, 'Nawalgarh', 27),
(772, 'Nimbahera', 27),
(773, 'Nokha', 27),
(774, 'Pali', 27),
(775, 'Rajsamand', 27),
(776, 'Ratangarh', 27),
(777, 'Sardarshahr', 27),
(778, 'Sawai Madhopur', 27),
(779, 'Sikar', 27),
(780, 'Sujangarh', 27),
(781, 'Suratgarh', 27),
(782, 'Tonk', 27),
(783, 'Udaipur', 27),
(784, 'Alandur', 28),
(785, 'Ambattur', 28),
(786, 'Ambur', 28),
(787, 'Arakonam', 28),
(788, 'Arani', 28),
(789, 'Aruppukkottai', 28),
(790, 'Attur', 28),
(791, 'Avadi', 28),
(792, 'Avaniapuram', 28),
(793, 'Bodinayakkanur', 28),
(794, 'Chengalpattu', 28),
(795, 'Dharapuram', 28),
(796, 'Dharmapuri', 28),
(797, 'Dindigul', 28),
(798, 'Erode', 28),
(799, 'Gopichettipalaiyam', 28),
(800, 'Gudalur', 28),
(801, 'Gudiyattam', 28),
(802, 'Hosur', 28),
(803, 'Idappadi', 28),
(804, 'Kadayanallur', 28),
(805, 'Kambam', 28),
(806, 'Kanchipuram', 28),
(807, 'Karur', 28),
(808, 'Kavundampalaiyam', 28),
(809, 'Kovilpatti', 28),
(810, 'Koyampattur', 28),
(811, 'Krishnagiri', 28),
(812, 'Kumarapalaiyam', 28),
(813, 'Kumbakonam', 28),
(814, 'Kuniyamuthur', 28),
(815, 'Kurichi', 28),
(816, 'Madhavaram', 28),
(817, 'Madras', 28),
(818, 'Madurai', 28),
(819, 'Maduravoyal', 28),
(820, 'Mannargudi', 28),
(821, 'Mayiladuthurai', 28),
(822, 'Mettupalayam', 28),
(823, 'Mettur', 28),
(824, 'Nagapattinam', 28),
(825, 'Nagercoil', 28),
(826, 'Namakkal', 28),
(827, 'Nerkunram', 28),
(828, 'Neyveli', 28),
(829, 'Pallavaram', 28),
(830, 'Pammal', 28),
(831, 'Pannuratti', 28),
(832, 'Paramakkudi', 28),
(833, 'Pattukkottai', 28),
(834, 'Pollachi', 28),
(835, 'Pudukkottai', 28),
(836, 'Puliyankudi', 28),
(837, 'Punamalli', 28),
(838, 'Rajapalaiyam', 28),
(839, 'Ramanathapuram', 28),
(840, 'Salem', 28),
(841, 'Sankarankoil', 28),
(842, 'Sivakasi', 28),
(843, 'Srivilliputtur', 28),
(844, 'Tambaram', 28),
(845, 'Tenkasi', 28),
(846, 'Thanjavur', 28),
(847, 'Theni Allinagaram', 28),
(848, 'Thiruthangal', 28),
(849, 'Thiruvarur', 28),
(850, 'Thuthukkudi', 28),
(851, 'Tindivanam', 28),
(852, 'Tiruchchirappalli', 28),
(853, 'Tiruchengode', 28),
(854, 'Tirunelveli', 28),
(855, 'Tirupathur', 28),
(856, 'Tiruppur', 28),
(857, 'Tiruvannamalai', 28),
(858, 'Tiruvottiyur', 28),
(859, 'Udagamandalam', 28),
(860, 'Udumalaipettai', 28),
(861, 'Valparai', 28),
(862, 'Vaniyambadi', 28),
(863, 'Velampalaiyam', 28),
(864, 'Velluru', 28),
(865, 'Viluppuram', 28),
(866, 'Virappanchatram', 28),
(867, 'Virudhachalam', 28),
(868, 'Virudunagar', 28),
(869, 'Agartala', 29),
(870, 'Agartala MCl', 29),
(871, 'Badharghat', 29),
(872, 'Agra', 30),
(873, 'Aligarh', 30),
(874, 'Allahabad', 30),
(875, 'Amroha', 30),
(876, 'Aonla', 30),
(877, 'Auraiya', 30),
(878, 'Ayodhya', 30),
(879, 'Azamgarh', 30),
(880, 'Baheri', 30),
(881, 'Bahraich', 30),
(882, 'Ballia', 30),
(883, 'Balrampur', 30),
(884, 'Banda', 30),
(885, 'Baraut', 30),
(886, 'Bareli', 30),
(887, 'Basti', 30),
(888, 'Behta Hajipur', 30),
(889, 'Bela', 30),
(890, 'Bhadohi', 30),
(891, 'Bijnor', 30),
(892, 'Bisalpur', 30),
(893, 'Biswan', 30),
(894, 'Budaun', 30),
(895, 'Bulandshahr', 30),
(896, 'Chandausi', 30),
(897, 'Chandpur', 30),
(898, 'Chhibramau', 30),
(899, 'Chitrakut Dham', 30),
(900, 'Dadri', 30),
(901, 'Deoband', 30),
(902, 'Deoria', 30),
(903, 'Etah', 30),
(904, 'Etawah', 30),
(905, 'Faizabad', 30),
(906, 'Faridpur', 30),
(907, 'Farrukhabad', 30),
(908, 'Fatehpur', 30),
(909, 'Firozabad', 30),
(910, 'Gajraula', 30),
(911, 'Ganga Ghat', 30),
(912, 'Gangoh', 30),
(913, 'Ghaziabad', 30),
(914, 'Ghazipur', 30),
(915, 'Gola Gokarannath', 30),
(916, 'Gonda', 30),
(917, 'Gorakhpur', 30),
(918, 'Hapur', 30),
(919, 'Hardoi', 30),
(920, 'Hasanpur', 30),
(921, 'Hathras', 30),
(922, 'Jahangirabad', 30),
(923, 'Jalaun', 30),
(924, 'Jaunpur', 30),
(925, 'Jhansi', 30),
(926, 'Kadi', 30),
(927, 'Kairana', 30),
(928, 'Kannauj', 30),
(929, 'Kanpur', 30),
(930, 'Kanpur Cantonment', 30),
(931, 'Kasganj', 30),
(932, 'Khatauli', 30),
(933, 'Khora', 30),
(934, 'Khurja', 30),
(935, 'Kiratpur', 30),
(936, 'Kosi Kalan', 30),
(937, 'Laharpur', 30),
(938, 'Lakhimpur', 30),
(939, 'Lakhnau', 30),
(940, 'Lakhnau Cantonment', 30),
(941, 'Lalitpur', 30),
(942, 'Loni', 30),
(943, 'Mahoba', 30),
(944, 'Mainpuri', 30),
(945, 'Mathura', 30),
(946, 'Mau', 30),
(947, 'Mauranipur', 30),
(948, 'Mawana', 30),
(949, 'Mirat', 30),
(950, 'Mirat Cantonment', 30),
(951, 'Mirzapur', 30),
(952, 'Modinagar', 30),
(953, 'Moradabad', 30),
(954, 'Mubarakpur', 30),
(955, 'Mughal Sarai', 30),
(956, 'Muradnagar', 30),
(957, 'Muzaffarnagar', 30),
(958, 'Nagina', 30),
(959, 'Najibabad', 30),
(960, 'Nawabganj', 30),
(961, 'Noida', 30),
(962, 'Obra', 30),
(963, 'Orai', 30),
(964, 'Pilibhit', 30),
(965, 'Pilkhuwa', 30),
(966, 'Rae Bareli', 30),
(967, 'Ramgarh Nagla Kothi', 30),
(968, 'Rampur', 30),
(969, 'Rath', 30),
(970, 'Renukut', 30),
(971, 'Saharanpur', 30),
(972, 'Sahaswan', 30),
(973, 'Sambhal', 30),
(974, 'Sandila', 30),
(975, 'Shahabad', 30),
(976, 'Shahjahanpur', 30),
(977, 'Shamli', 30),
(978, 'Sherkot', 30),
(979, 'Shikohabad', 30),
(980, 'Sikandarabad', 30),
(981, 'Sitapur', 30),
(982, 'Sukhmalpur Nizamabad', 30),
(983, 'Sultanpur', 30),
(984, 'Tanda', 30),
(985, 'Tilhar', 30),
(986, 'Tundla', 30),
(987, 'Ujhani', 30),
(988, 'Unnao', 30),
(989, 'Varanasi', 30),
(990, 'Vrindavan', 30),
(991, 'Dehra Dun', 31),
(992, 'Dehra Dun Cantonment', 31),
(993, 'Gola Range', 31),
(994, 'Haldwani', 31),
(995, 'Haridwar', 31),
(996, 'Kashipur', 31),
(997, 'Pithoragarh', 31),
(998, 'Rishikesh', 31),
(999, 'Rudrapur', 31),
(1000, 'Rurki', 31);

-- --------------------------------------------------------

--
-- Table structure for table `country`
--

CREATE TABLE IF NOT EXISTS `country` (
  `countryID` int(11) NOT NULL AUTO_INCREMENT,
  `countryName` varchar(50) NOT NULL,
  PRIMARY KEY (`countryID`)
) ENGINE=InnoDB  DEFAULT CHARSET=latin1 AUTO_INCREMENT=2 ;

--
-- Dumping data for table `country`
--

INSERT INTO `country` (`countryID`, `countryName`) VALUES
(1, 'India');

-- --------------------------------------------------------

--
-- Table structure for table `state`
--

CREATE TABLE IF NOT EXISTS `state` (
  `stateId` int(11) NOT NULL AUTO_INCREMENT,
  `stateName` varchar(100) NOT NULL,
  `countryID` int(11) NOT NULL,
  PRIMARY KEY (`stateId`),
  KEY `countryID` (`countryID`)
) ENGINE=InnoDB  DEFAULT CHARSET=utf8 AUTO_INCREMENT=32 ;

--
-- Dumping data for table `state`
--

INSERT INTO `state` (`stateId`, `stateName`, `countryID`) VALUES
(1, 'Andaman and Nicobar Islands', 1),
(2, 'Andhra Pradesh', 1),
(3, 'Arunachal Pradesh', 1),
(4, 'Assam', 1),
(5, 'West Bengal', 1),
(6, 'Bihar', 1),
(7, 'Chandigarh', 1),
(8, 'Chhattisgarh', 1),
(9, 'Delhi', 1),
(10, 'Goa', 1),
(11, 'Gujarat', 1),
(12, 'Haryana', 1),
(13, 'Himachal Pradesh', 1),
(14, 'Jammu and Kashmir', 1),
(15, 'Jharkhand', 1),
(16, 'Karnataka', 1),
(17, 'Kerala', 1),
(18, 'Madhya Pradesh', 1),
(19, 'Maharashtra', 1),
(20, 'Manipur', 1),
(21, 'Meghalaya', 1),
(22, 'Mizoram', 1),
(23, 'Nagaland', 1),
(24, 'Orissa', 1),
(25, 'Pondicherry', 1),
(26, 'Punjab', 1),
(27, 'Rajasthan', 1),
(28, 'Tamil Nadu', 1),
(29, 'Tripura', 1),
(30, 'Uttar Pradesh', 1),
(31, 'Uttaranchal', 1);

-- --------------------------------------------------------

--
-- Table structure for table `tblstudent`
--

CREATE TABLE IF NOT EXISTS `tblstudent` (
  `studName` varchar(50) NOT NULL,
  `studEmail` varchar(50) NOT NULL,
  `studDOB` date NOT NULL,
  `studPhoneNo` varchar(13) NOT NULL,
  `studCollegeName` varchar(50) NOT NULL,
  `studAddress1` varchar(100) NOT NULL,
  `studAddress2` varchar(100) NOT NULL,
  `studCity` int(11) NOT NULL,
  `studID` int(11) NOT NULL AUTO_INCREMENT,
  PRIMARY KEY (`studID`)
) ENGINE=InnoDB  DEFAULT CHARSET=latin1 AUTO_INCREMENT=5 ;

--
-- Dumping data for table `tblstudent`
--

INSERT INTO `tblstudent` (`studName`, `studEmail`, `studDOB`, `studPhoneNo`, `studCollegeName`, `studAddress1`, `studAddress2`, `studCity`, `studID`) VALUES
('Dips Kakadiya', 'Dips.Kakadiya@gmail.com', '2013-12-18', '8460838411', 'DAIICT', 'H-320 HOR Boys Hostel', 'DAIICT, GH-0', 325, 1),
('Mehul N Kakalotar', 'MehulN.Kakalotar@gmail.com', '1992-06-06', '9898987766', 'VNSGU', '41, Jalaram Scoiety', 'Meera Road', 596, 2),
('Arjun Chimna', 'Arjun_Chimna@yahoo.in', '1990-04-04', '9879871234', 'DAIICT', '45,Sant Jalaram Scoiety', 'Katargam', 360, 3),
('Hiren Savlia', 'Hiren.789@gmail.com', '1985-02-12', '9510102233', 'VNSGU', '120, Santvihar Residency', 'Rind Road', 434, 4);

--
-- Constraints for dumped tables
--

--
-- Constraints for table `city`
--
ALTER TABLE `city`
  ADD CONSTRAINT `FK_city_state` FOREIGN KEY (`stateId`) REFERENCES `state` (`stateId`) ON DELETE CASCADE ON UPDATE CASCADE;

--
-- Constraints for table `state`
--
ALTER TABLE `state`
  ADD CONSTRAINT `state_ibfk_1` FOREIGN KEY (`countryID`) REFERENCES `country` (`countryID`) ON DELETE CASCADE ON UPDATE CASCADE;

/*!40101 SET CHARACTER_SET_CLIENT=@OLD_CHARACTER_SET_CLIENT */;
/*!40101 SET CHARACTER_SET_RESULTS=@OLD_CHARACTER_SET_RESULTS */;
/*!40101 SET COLLATION_CONNECTION=@OLD_COLLATION_CONNECTION */;
